<?xml version="1.0" encoding="UTF-8"?>
<infoList vendor="NXP"><info name="LPC1114_302" chip="LPC1114_302" flash_driver="LPC11_12_13_32K_8K.cfx" match_id="0x2540102b"  stub="crt_emu_lpc11_13_nxp"><chip><name>LPC1114_302</name>
<family>LPC11xx</family>
<vendor>NXP (formerly Philips)</vendor>
<reset board="None" core="Real" sys="Real"/>
<clock changeable="TRUE" freq="12MHz" is_accurate="TRUE"/>
<memory can_program="true" id="Flash" is_ro="true" type="Flash"/>
<memory id="RAM" type="RAM"/>
<memory id="Periph" is_volatile="true" type="Peripheral"/>
<memoryInstance derived_from="Flash" id="MFlash32" location="0x1000" size="0x7000"/>
<memoryInstance derived_from="RAM" id="RamLoc8" location="0x10000000" size="0x2000"/>
<peripheralInstance derived_from="V6M_NVIC" id="NVIC" location="0xe000e000"/>
<peripheralInstance derived_from="V6M_DCR" id="DCR" location="0xe000edf0"/>
<peripheralInstance derived_from="I2C" id="I2C" location="0x40000000"/>
<peripheralInstance derived_from="WWDT" id="WWDT" location="0x40004000"/>
<peripheralInstance derived_from="UART" id="UART" location="0x40008000"/>
<peripheralInstance derived_from="CT16B0" id="CT16B0" location="0x4000c000"/>
<peripheralInstance derived_from="CT16B1" id="CT16B1" location="0x40010000"/>
<peripheralInstance derived_from="CT32B0" id="CT32B0" location="0x40014000"/>
<peripheralInstance derived_from="CT32B1" id="CT32B1" location="0x40018000"/>
<peripheralInstance derived_from="ADC" id="ADC" location="0x4001c000"/>
<peripheralInstance derived_from="PMU" id="PMU" location="0x40038000"/>
<peripheralInstance derived_from="FLASHCTRL" id="FLASHCTRL" location="0x4003c000"/>
<peripheralInstance derived_from="SPI0" id="SPI0" location="0x40040000"/>
<peripheralInstance derived_from="IOCON" id="IOCON" location="0x40044000"/>
<peripheralInstance derived_from="SYSCON" id="SYSCON" location="0x40048000"/>
<peripheralInstance derived_from="SPI1" id="SPI1" location="0x40058000"/>
<peripheralInstance derived_from="GPIO0" id="GPIO0" location="0x50000000"/>
<peripheralInstance derived_from="GPIO1" id="GPIO1" location="0x50010000"/>
<peripheralInstance derived_from="GPIO2" id="GPIO2" location="0x50020000"/>
<peripheralInstance derived_from="GPIO3" id="GPIO3" location="0x50030000"/>
</chip>
<processor><name gcc_name="cortex-m0">Cortex-M0</name>
<family>Cortex-M</family>
</processor>
<link href="LPC11xx_peripheral.xme" show="embed" type="simple"/>
</info>
</infoList>

